filename,date,items
anguish_1_0,January 1,"Greater Soul, Adamantine, Perfect Baldur, Steel, Pure Darkstone, Darkstone, Soul, Ortanite, Mandrake, Twilightstone"
anguish_1_0,January 2,"Iron, Earthstone, Scalestone, Lyonite, Elstone, Vampiric Ore"
anguish_1_0,January 3,"Hardened Steel, Nightshade, Lesser Balorite, Titanium, Steel, Platinum, Draconite, Dayleaf"
anguish_1_0,January 4,"Undead Bone, Waterstone, Mandrake, Mythril, Lesser Balorite, Lyonite, Silver, Witchstone, Eyestone, Platinum"
anguish_1_0,January 5,"Mandrake, Mythril, Stone, Ancient Stone, Waterstone, Pure Lightstone, Wood, Balorite, Vampiric Ore"
anguish_1_0,January 6,"Cavestone, Soul, Demonic Ore, Mandrake, Dragonite, Scalestone, Lightningstone, Waterstone, Baldur, Firestone"
anguish_1_0,January 7,"Demonic Ore, Firestone, Mandrake, Silphium, Vampiric Ore, Elstone, Balorite, Lyonite, Titanium"
anguish_1_0,January 8,"Leather, Soul, Lightningstone, Broken Statue, Red Draconite, Realm Ore, Wood, Firestone, Orichalcum"
anguish_1_0,January 9,"Mythril, Greater Soul, Elstone, Hardened Steel, Cavestone, Witchstone, Baldur, Steel, Soul, Orichalcum"
anguish_1_0,January 10,"Dayleaf, Dragonite, Cursed Ortanite, Mythril, Iron, Greater Soul, Sandstone, Adamantine, Wolf's Blood"
anguish_1_0,January 11,"Vampiric Ore, Silphium, Wood, Silk, Cavestone"
anguish_1_0,January 12,"Stone, Lesser Balorite, Twilightstone, Perfect Baldur, Nightshade, Iron, Hide, Balorite, Baldur, Bone"
anguish_1_0,January 13,"Red Draconite, Firestone, Waterstone, Avalon Ore, Soul, Undead Bone, Twilightstone, Broken Statue, Scalestone, Ortanite"
anguish_1_0,January 14,"Mandrake, Dragonite, Fogstone, Skystone, Earthstone, Silk, Hardened Steel, Wood"
anguish_1_0,January 15,"Broken Statue, Lyonite, Cursed Ortanite, Darkstone, Titanium, Hardened Steel, Sandstone"
anguish_1_0,January 16,"Firestone, Pure Waterstone, Elstone, Mythril, Pure Darkstone, Adamantine, Undead Bone"
anguish_1_0,January 17,"Stone, Realm Ore, Hide, Pure Draconite, Red Draconite, Eyestone"
anguish_1_0,January 18,"Pure Draconite, Soul, Wood, Titanium, Perfect Runestone, Mythril, Ancient Stone, Fogstone, Silk"
anguish_1_0,January 19,"Baldur, Pure Draconite, Adamantine, Ancient Stone, Lyonite, Hide, Dragonite"
anguish_1_0,January 20,"Lesser Balorite, Solarite, Red Draconite, Mythril, Greater Soul, Cursed Ortanite, Pure Draconite, Nightshade, Wood, Broken Statue"
anguish_1_0,January 21,"Twilightstone, Soul, Draconite, Leather, Earthstone, Lightstone, Bone, Skystone, Perfect Runestone, Demonic Ore"
anguish_1_0,January 22,"Lightningstone, Wolf's Blood, Firestone, Greater Soul, Ortanite"
anguish_1_0,January 23,"Darkstone, Cavestone, Hardened Steel, Waterstone, Witchstone, Vampiric Ore, Baldur, Red Draconite, Dayleaf"
anguish_1_0,January 24,"Runestone, Vampiric Ore, Hide, Platinum, Red Draconite, Skystone"
anguish_1_0,January 25,"Avalon Ore, Solarite, Dragonite, Scalestone, Elstone, Sandstone"
anguish_1_0,January 26,"Wood, Pure Waterstone, Elstone, Adamantine, Skystone, Darkstone, Bone, Mandrake"
anguish_1_0,January 27,"Sandstone, Stone, Leather, Cavestone, Fogstone, Waterstone, Demonic Ore, Nightstone"
anguish_1_0,January 28,"Baldur, Perfect Runestone, Vampiric Ore, Dragonite, Cavestone, Steel, Draconite, Orichalcum"
anguish_1_0,January 29,"Leather, Ancient Stone, Wolf's Blood, Demonic Ore, Mythril, Pure Darkstone, Orichalcum, Platinum"
anguish_1_0,January 30,"Bone, Nightshade, Perfect Runestone, Steel, Silphium, Leather, Lightstone, Runestone"
anguish_1_0,January 31,"Cavestone, Hardened Steel, Iron, Mythril, Greater Soul, Perfect Runestone"
anguish_1_0,February 1,"Orichalcum, Lightstone, Lesser Balorite, Twilightstone, Ortanite"
anguish_1_0,February 2,"Orichalcum, Ortanite, Nightstone, Draconite, Pure Draconite, Firestone"
anguish_1_0,February 3,"Nightstone, Darkstone, Dayleaf, Titanium, Realm Ore, Fogstone"
anguish_1_0,February 4,"Wood, Leather, Broken Statue, Nightstone, Baldur, Silver"
anguish_1_0,February 5,"Ortanite, Firestone, Red Draconite, Earthstone, Silver"
anguish_1_0,February 6,"Pure Darkstone, Orichalcum, Runestone, Mandrake, Iron, Pure Lightstone"
anguish_1_0,February 7,"Lyonite, Red Draconite, Greater Soul, Ancient Stone, Mandrake, Avalon Ore, Wood"
anguish_1_0,February 8,"Undead Bone, Lightningstone, Witchstone, Lyonite, Twilightstone, Perfect Baldur, Darkstone, Greater Soul"
anguish_1_0,February 9,"Greater Soul, Perfect Baldur, Skystone, Twilightstone, Demonic Ore"
anguish_1_0,February 10,"Twilightstone, Pure Darkstone, Steel, Leather, Fogstone"
anguish_1_0,February 11,"Nightstone, Lyonite, Twilightstone, Hardened Steel, Silver, Ancient Stone, Perfect Runestone, Pure Lightstone, Solarite"
anguish_1_0,February 12,"Dayleaf, Scalestone, Red Draconite, Titanium, Steel, Silk"
anguish_1_0,February 13,"Lightstone, Undead Bone, Silk, Firestone, Stone, Nightshade, Greater Soul"
anguish_1_0,February 14,"Demonic Ore, Wood, Dayleaf, Firestone, Dragonite, Witchstone"
anguish_1_0,February 15,"Cavestone, Darkstone, Cursed Ortanite, Sandstone, Wolf's Blood, Runestone, Baldur"
anguish_1_0,February 16,"Nightshade, Lightstone, Witchstone, Lesser Balorite, Solarite, Platinum, Iron"
anguish_1_0,February 17,"Hardened Steel, Ancient Stone, Nightshade, Ortanite, Earthstone, Demonic Ore, Waterstone, Balorite"
anguish_1_0,February 18,"Bone, Dayleaf, Pure Waterstone, Firestone, Witchstone, Elstone"
anguish_1_0,February 19,"Darkstone, Avalon Ore, Waterstone, Pure Lightstone, Ortanite, Silver, Lightstone"
anguish_1_0,February 20,"Dayleaf, Sandstone, Silphium, Pure Lightstone, Perfect Baldur, Soul, Mythril"
anguish_1_0,February 21,"Baldur, Iron, Titanium, Mandrake, Pure Darkstone, Soul, Ancient Stone, Firestone, Pure Waterstone, Steel"
anguish_1_0,February 22,"Adamantine, Silk, Fogstone, Waterstone, Skystone, Cursed Ortanite, Cavestone, Lightningstone, Iron"
anguish_1_0,February 23,"Mandrake, Lesser Balorite, Adamantine, Orichalcum, Twilightstone"
anguish_1_0,February 24,"Broken Statue, Wood, Skystone, Earthstone, Demonic Ore, Witchstone, Perfect Baldur, Pure Darkstone, Elstone"
anguish_1_0,February 25,"Fogstone, Dayleaf, Lightningstone, Pure Lightstone, Undead Bone, Elstone, Perfect Runestone"
anguish_1_0,February 26,"Baldur, Elstone, Fogstone, Waterstone, Mandrake, Broken Statue, Realm Ore"
anguish_1_0,February 27,"Ortanite, Fogstone, Mandrake, Perfect Runestone, Perfect Baldur, Lyonite, Avalon Ore"
anguish_1_0,February 28,"Silphium, Perfect Baldur, Pure Waterstone, Runestone, Hardened Steel, Nightstone, Fogstone, Lyonite, Greater Soul, Skystone"
anguish_1_0,March 1,"Mythril, Skystone, Balorite, Sandstone, Hide, Red Draconite, Hardened Steel"
anguish_1_0,March 2,"Eyestone, Stone, Soul, Witchstone, Pure Draconite, Undead Bone, Wolf's Blood"
anguish_1_0,March 3,"Red Draconite, Wolf's Blood, Titanium, Cavestone, Ortanite, Cursed Ortanite"
anguish_1_0,March 4,"Eyestone, Bone, Nightshade, Silver, Ancient Stone, Demonic Ore, Wood"
anguish_1_0,March 5,"Soul, Balorite, Pure Draconite, Steel, Vampiric Ore, Platinum"
anguish_1_0,March 6,"Skystone, Realm Ore, Firestone, Sandstone, Dayleaf, Soul, Pure Darkstone"
anguish_1_0,March 7,"Silk, Dayleaf, Cursed Ortanite, Pure Draconite, Hide"
anguish_1_0,March 8,"Dragonite, Nightshade, Demonic Ore, Wood, Ortanite, Twilightstone, Vampiric Ore, Ancient Stone, Silver, Avalon Ore"
anguish_1_0,March 9,"Solarite, Ancient Stone, Lesser Balorite, Bone, Vampiric Ore, Runestone, Greater Soul, Lightstone, Nightstone"
anguish_1_0,March 10,"Earthstone, Pure Waterstone, Scalestone, Sandstone, Avalon Ore, Mythril, Steel"
anguish_1_0,March 11,"Solarite, Iron, Orichalcum, Lyonite, Dragonite"
anguish_1_0,March 12,"Mandrake, Perfect Baldur, Silphium, Twilightstone, Greater Soul, Cavestone, Nightshade"
anguish_1_0,March 13,"Nightshade, Ancient Stone, Hide, Eyestone, Darkstone, Balorite, Soul, Vampiric Ore, Wood, Titanium"
anguish_1_0,March 14,"Titanium, Mandrake, Ancient Stone, Ortanite, Runestone, Greater Soul, Dayleaf, Cursed Ortanite, Pure Waterstone, Lightstone"
anguish_1_0,March 15,"Cavestone, Soul, Sandstone, Mythril, Elstone, Firestone, Silver, Vampiric Ore, Lesser Balorite"
anguish_1_0,March 16,"Iron, Silk, Red Draconite, Fogstone, Vampiric Ore, Titanium"
anguish_1_0,March 17,"Silphium, Leather, Ancient Stone, Dayleaf, Elstone, Dragonite, Stone"
anguish_1_0,March 18,"Solarite, Eyestone, Wood, Dayleaf, Silphium, Adamantine, Elstone, Scalestone"
anguish_1_0,March 19,"Runestone, Hardened Steel, Orichalcum, Dayleaf, Pure Lightstone, Eyestone"
anguish_1_0,March 20,"Lightningstone, Realm Ore, Ancient Stone, Lesser Balorite, Skystone, Red Draconite, Runestone"
anguish_1_0,March 21,"Firestone, Lesser Balorite, Cursed Ortanite, Platinum, Titanium, Sandstone, Pure Darkstone, Steel"
anguish_1_0,March 22,"Leather, Greater Soul, Fogstone, Nightstone, Draconite"
anguish_1_0,March 23,"Silk, Skystone, Mythril, Nightshade, Lesser Balorite, Vampiric Ore"
anguish_1_0,March 24,"Lightningstone, Wood, Scalestone, Ortanite, Nightstone, Darkstone, Mandrake"
anguish_1_0,March 25,"Mandrake, Greater Soul, Silk, Nightshade, Dayleaf"
anguish_1_0,March 26,"Earthstone, Steel, Platinum, Pure Waterstone, Waterstone, Orichalcum, Wood, Pure Draconite, Lesser Balorite"
anguish_1_0,March 27,"Ortanite, Runestone, Scalestone, Ancient Stone, Avalon Ore, Twilightstone, Darkstone"
anguish_1_0,March 28,"Lesser Balorite, Lightstone, Wood, Leather, Pure Waterstone, Soul, Dragonite, Nightstone, Greater Soul, Broken Statue"
anguish_1_0,March 29,"Wolf's Blood, Mandrake, Darkstone, Draconite, Silphium, Pure Lightstone"
anguish_1_0,March 30,"Solarite, Vampiric Ore, Silphium, Twilightstone, Titanium, Darkstone, Wood, Ortanite, Waterstone, Witchstone"
anguish_1_0,March 31,"Ortanite, Perfect Baldur, Solarite, Wolf's Blood, Soul, Silk, Runestone, Demonic Ore, Bone, Nightshade"
anguish_1_0,April 1,"Pure Lightstone, Demonic Ore, Silk, Darkstone, Iron"
anguish_1_0,April 2,"Wood, Realm Ore, Balorite, Pure Draconite, Avalon Ore, Platinum, Scalestone, Mythril, Baldur"
anguish_1_0,April 3,"Witchstone, Runestone, Skystone, Mandrake, Silver, Perfect Baldur, Scalestone, Orichalcum, Elstone, Steel"
anguish_1_0,April 4,"Lightningstone, Earthstone, Skystone, Fogstone, Darkstone, Soul"
anguish_1_0,April 5,"Soul, Avalon Ore, Nightstone, Cavestone, Ancient Stone, Broken Statue, Mandrake, Waterstone, Witchstone, Ortanite"
anguish_1_0,April 6,"Skystone, Stone, Hide, Firestone, Eyestone, Steel, Balorite, Platinum, Nightstone"
anguish_1_0,April 7,"Wood, Sandstone, Earthstone, Greater Soul, Platinum, Demonic Ore, Stone"
anguish_1_0,April 8,"Wood, Lightningstone, Red Draconite, Greater Soul, Draconite"
anguish_1_0,April 9,"Mythril, Perfect Runestone, Ortanite, Earthstone, Pure Darkstone, Greater Soul"
anguish_1_0,April 10,"Nightstone, Wolf's Blood, Draconite, Lyonite, Runestone, Undead Bone, Ortanite, Eyestone, Adamantine"
anguish_1_0,April 11,"Perfect Runestone, Undead Bone, Bone, Twilightstone, Vampiric Ore, Wood"
anguish_1_0,April 12,"Hardened Steel, Ancient Stone, Earthstone, Lightningstone, Silver, Cursed Ortanite, Demonic Ore, Cavestone"
anguish_1_0,April 13,"Darkstone, Greater Soul, Stone, Earthstone, Silver, Orichalcum, Elstone"
anguish_1_0,April 14,"Silver, Waterstone, Titanium, Platinum, Adamantine, Lightstone, Solarite, Perfect Baldur, Bone, Soul"
anguish_1_0,April 15,"Adamantine, Dayleaf, Sandstone, Elstone, Wood, Vampiric Ore, Runestone, Soul, Titanium, Avalon Ore"
anguish_1_0,April 16,"Stone, Titanium, Hide, Avalon Ore, Scalestone, Witchstone, Iron"
anguish_1_0,April 17,"Steel, Twilightstone, Ancient Stone, Mythril, Hide, Red Draconite, Silphium, Pure Waterstone, Broken Statue"
anguish_1_0,April 18,"Silk, Mandrake, Scalestone, Stone, Lightstone, Witchstone, Silphium, Vampiric Ore, Steel, Wolf's Blood"
anguish_1_0,April 19,"Realm Ore, Darkstone, Draconite, Ancient Stone, Wood"
anguish_1_0,April 20,"Pure Darkstone, Lesser Balorite, Runestone, Eyestone, Mythril, Wolf's Blood, Twilightstone, Balorite, Silphium, Silk"
anguish_1_0,April 21,"Lyonite, Twilightstone, Wood, Dragonite, Vampiric Ore, Mandrake, Skystone, Perfect Baldur, Stone, Pure Waterstone"
anguish_1_0,April 22,"Perfect Runestone, Cavestone, Elstone, Silver, Firestone"
anguish_1_0,April 23,"Titanium, Realm Ore, Ortanite, Dragonite, Red Draconite, Lightstone, Ancient Stone, Orichalcum, Stone, Witchstone"
anguish_1_0,April 24,"Pure Waterstone, Realm Ore, Lesser Balorite, Baldur, Sandstone, Twilightstone, Lightstone"
anguish_1_0,April 25,"Nightshade, Cavestone, Sandstone, Stone, Elstone"
anguish_1_0,April 26,"Undead Bone, Titanium, Darkstone, Wolf's Blood, Pure Waterstone, Avalon Ore, Elstone, Solarite, Runestone"
anguish_1_0,April 27,"Draconite, Nightshade, Soul, Runestone, Hide, Earthstone, Greater Soul, Balorite, Wood, Perfect Runestone"
anguish_1_0,April 28,"Realm Ore, Darkstone, Draconite, Ortanite, Broken Statue"
anguish_1_0,April 29,"Mythril, Steel, Red Draconite, Cursed Ortanite, Nightstone, Lyonite"
anguish_1_0,April 30,"Eyestone, Broken Statue, Greater Soul, Titanium, Solarite, Baldur, Steel, Twilightstone, Witchstone"
anguish_1_0,May 1,"Pure Waterstone, Red Draconite, Elstone, Mythril, Iron, Dragonite, Pure Lightstone, Lesser Balorite, Pure Darkstone"
anguish_1_0,May 2,"Red Draconite, Runestone, Silphium, Pure Draconite, Dragonite, Platinum"
anguish_1_0,May 3,"Lightningstone, Silver, Perfect Baldur, Dayleaf, Soul, Elstone, Perfect Runestone"
anguish_1_0,May 4,"Vampiric Ore, Cavestone, Silk, Skystone, Avalon Ore, Mandrake, Nightshade, Lesser Balorite, Nightstone, Dragonite"
anguish_1_0,May 5,"Fogstone, Iron, Lyonite, Cursed Ortanite, Demonic Ore"
anguish_1_0,May 6,"Stone, Twilightstone, Wood, Firestone, Vampiric Ore"
anguish_1_0,May 7,"Solarite, Cursed Ortanite, Perfect Runestone, Dayleaf, Avalon Ore, Vampiric Ore, Adamantine, Dragonite, Runestone"
anguish_1_0,May 8,"Soul, Waterstone, Ancient Stone, Hardened Steel, Broken Statue, Baldur, Draconite, Ortanite"
anguish_1_0,May 9,"Stone, Elstone, Titanium, Lightningstone, Scalestone, Orichalcum, Demonic Ore, Silphium, Mandrake"
anguish_1_0,May 10,"Eyestone, Perfect Runestone, Avalon Ore, Pure Draconite, Scalestone, Silver, Demonic Ore, Fogstone, Titanium, Pure Darkstone"
anguish_1_0,May 11,"Realm Ore, Adamantine, Cursed Ortanite, Solarite, Ancient Stone"
anguish_1_0,May 12,"Platinum, Pure Darkstone, Skystone, Cursed Ortanite, Fogstone, Witchstone, Darkstone"
anguish_1_0,May 13,"Realm Ore, Stone, Soul, Lightningstone, Pure Draconite"
anguish_1_0,May 14,"Perfect Runestone, Orichalcum, Elstone, Ancient Stone, Pure Draconite, Demonic Ore, Sandstone"
anguish_1_0,May 15,"Pure Lightstone, Soul, Broken Statue, Earthstone, Lightstone"
anguish_1_0,May 16,"Adamantine, Balorite, Greater Soul, Titanium, Nightstone, Draconite, Dragonite , Steel, Demonic Ore"
anguish_1_0,May 17,"Pure Lightstone, Perfect Baldur, Steel, Twilightstone, Ortanite, Realm Ore, Sandstone, Adamantine, Greater Soul, Soul"
anguish_1_0,May 18,"Twilightstone, Mandrake, Scalestone, Lightstone, Firestone, Elstone"
anguish_1_0,May 19,"Balorite, Pure Draconite, Soul, Greater Soul, Earthstone, Nightshade, Ortanite, Mandrake, Adamantine, Lyonite"
anguish_1_0,May 20,"Dayleaf, Pure Draconite, Red Draconite, Lesser Balorite, Witchstone, Twilightstone"
anguish_1_0,May 21,"Greater Soul, Mythril, Silk, Waterstone, Avalon Ore, Draconite, Firestone, Lightningstone, Pure Darkstone"
anguish_1_0,May 22,"Eyestone, Stone, Pure Lightstone, Leather, Vampiric Ore"
anguish_1_0,May 23,"Firestone, Silver, Pure Waterstone, Nightstone, Solarite, Mythril, Titanium, Steel, Soul"
anguish_1_0,May 24,"Realm Ore, Avalon Ore, Pure Darkstone, Sandstone, Earthstone, Wolf's Blood"
anguish_1_0,May 25,"Adamantine, Darkstone, Lightningstone, Hide, Greater Soul, Lyonite, Silphium, Steel, Silk, Stone"
anguish_1_0,May 26,"Nightshade, Adamantine, Perfect Runestone, Dragonite, Scalestone, Wolf's Blood, Broken Statue"
anguish_1_0,May 27,"Avalon Ore, Perfect Runestone, Ancient Stone, Broken Statue, Fogstone, Pure Waterstone, Vampiric Ore"
anguish_1_0,May 28,"Lyonite, Dragonite, Silphium, Dayleaf, Realm Ore, Scalestone, Greater Soul"
anguish_1_0,May 29,"Lyonite, Pure Darkstone, Stone, Nightshade, Hardened Steel, Twilightstone, Ortanite, Perfect Baldur, Vampiric Ore, Lightstone"
anguish_1_0,May 30,"Mandrake, Cursed Ortanite, Mythril, Avalon Ore, Realm Ore, Hide, Titanium, Fogstone, Lyonite"
anguish_1_0,May 31,"Hardened Steel, Sandstone, Leather, Pure Waterstone, Darkstone, Solarite, Orichalcum"
anguish_1_0,June 1,"Adamantine, Platinum, Twilightstone, Iron, Wolf's Blood, Draconite, Pure Darkstone"
anguish_1_0,June 2,"Lyonite, Dragonite, Cavestone, Red Draconite, Fogstone, Pure Draconite, Witchstone"
anguish_1_0,June 3,"Wood, Firestone, Perfect Baldur, Elstone, Silk, Skystone, Titanium, Witchstone, Mandrake"
anguish_1_0,June 4,"Silphium, Lightningstone, Undead Bone, Greater Soul, Lightstone, Adamantine"
anguish_1_0,June 5,"Skystone, Adamantine, Witchstone, Draconite, Lesser Balorite"
anguish_1_0,June 6,"Soul, Vampiric Ore, Pure Darkstone, Skystone, Balorite, Twilightstone"
anguish_1_0,June 7,"Steel, Hide, Perfect Baldur, Silver, Broken Statue, Solarite"
anguish_1_0,June 8,"Stone, Earthstone, Realm Ore, Platinum, Lightningstone, Twilightstone, Skystone, Pure Draconite"
anguish_1_0,June 9,"Silphium, Red Draconite, Hardened Steel, Scalestone, Pure Draconite, Perfect Baldur"
anguish_1_0,June 10,"Balorite, Ortanite, Pure Waterstone, Broken Statue, Orichalcum"
anguish_1_0,June 11,"Scalestone, Undead Bone, Lyonite, Leather, Wood, Pure Lightstone, Soul, Pure Darkstone, Silver, Iron"
anguish_1_0,June 12,"Fogstone, Iron, Platinum, Witchstone, Adamantine, Cavestone, Ortanite, Realm Ore"
anguish_1_0,June 13,"Pure Draconite, Dragonite, Mythril, Nightstone, Titanium, Red Draconite, Perfect Baldur, Cavestone, Perfect Runestone, Mandrake"
anguish_1_0,June 14,"Solarite, Scalestone, Demonic Ore, Mythril, Hardened Steel, Silver, Ortanite, Skystone, Silphium, Wolf's Blood"
anguish_1_0,June 15,"Pure Waterstone, Scalestone, Witchstone, Cursed Ortanite, Darkstone, Baldur, Platinum, Nightstone"
anguish_1_0,June 16,"Pure Waterstone, Sandstone, Balorite, Twilightstone, Titanium, Nightshade"
anguish_1_0,June 17,"Adamantine, Avalon Ore, Baldur, Platinum, Twilightstone, Firestone"
anguish_1_0,June 18,"Vampiric Ore, Soul, Earthstone, Iron, Fogstone, Wood, Orichalcum, Skystone, Silver, Lightstone"
anguish_1_0,June 19,"Wood, Perfect Baldur, Platinum, Waterstone, Solarite, Witchstone, Broken Statue"
anguish_1_0,June 20,"Broken Statue, Wood, Hardened Steel, Wolf's Blood, Realm Ore, Demonic Ore, Lightstone"
anguish_1_0,June 21,"Pure Darkstone, Stone, Platinum, Steel, Leather, Lesser Balorite"
anguish_1_0,June 22,"Lightstone, Silphium, Twilightstone, Solarite, Ancient Stone, Mythril, Witchstone, Earthstone, Draconite"
anguish_1_0,June 23,"Fogstone, Scalestone, Lightstone, Mythril, Silver, Perfect Runestone, Adamantine, Dragonite"
anguish_1_0,June 24,"Iron, Firestone, Pure Lightstone, Twilightstone, Wolf's Blood, Titanium, Adamantine, Baldur"
anguish_1_0,June 25,"Undead Bone, Twilightstone, Cavestone, Pure Lightstone, Pure Draconite, Silk, Elstone"
anguish_1_0,June 26,"Cavestone, Adamantine, Draconite, Balorite, Avalon Ore, Lesser Balorite, Pure Waterstone"
anguish_1_0,June 27,"Nightshade, Perfect Runestone, Steel, Silk, Darkstone, Balorite"
anguish_1_0,June 28,"Dayleaf, Solarite, Undead Bone, Silphium, Earthstone, Greater Soul"
anguish_1_0,June 29,"Steel, Skystone, Darkstone, Hide, Runestone, Silphium"
anguish_1_0,June 30,"Sandstone, Stone, Pure Darkstone, Nightstone, Demonic Ore, Lightningstone, Broken Statue, Pure Draconite, Bone"
anguish_1_0,July 1,"Stone, Lightstone, Wood, Ancient Stone, Soul"
anguish_1_0,July 2,"Undead Bone, Lesser Balorite, Mythril, Broken Statue, Iron, Pure Draconite, Pure Darkstone, Dayleaf, Nightshade, Lyonite"
anguish_1_0,July 3,"Bone, Solarite, Lightningstone, Iron, Orichalcum, Broken Statue, Leather, Mythril, Steel, Perfect Runestone"
anguish_1_0,July 4,"Adamantine, Mythril, Darkstone, Vampiric Ore, Pure Draconite, Stone"
anguish_1_0,July 5,"Titanium, Wolf's Blood, Silk, Firestone, Pure Darkstone, Avalon Ore"
anguish_1_0,July 6,"Waterstone, Lightstone, Ortanite, Leather, Silk, Eyestone"
anguish_1_0,July 7,"Bone, Iron, Baldur, Waterstone, Witchstone, Platinum"
anguish_1_0,July 8,"Pure Lightstone, Stone, Titanium, Demonic Ore, Witchstone, Orichalcum, Wood, Balorite, Eyestone, Bone"
anguish_1_0,July 9,"Iron, Greater Soul, Soul, Lightstone, Lyonite, Lightningstone"
anguish_1_0,July 10,"Darkstone, Demonic Ore, Broken Statue, Perfect Runestone, Hardened Steel"
anguish_1_0,July 11,"Leather, Hardened Steel, Iron, Greater Soul, Lightstone, Scalestone, Hide, Steel, Avalon Ore"
anguish_1_0,July 12,"Lightstone, Wolf's Blood, Waterstone, Fogstone, Elstone, Eyestone, Draconite"
anguish_1_0,July 13,"Firestone, Stone, Fogstone, Elstone, Nightshade, Platinum"
anguish_1_0,July 14,"Cavestone, Red Draconite, Steel, Adamantine, Dayleaf, Stone, Broken Statue, Draconite"
anguish_1_0,July 15,"Pure Draconite, Silphium, Platinum, Avalon Ore, Vampiric Ore, Wood, Balorite"
anguish_1_0,July 16,"Runestone, Lightstone, Scalestone, Silver, Dayleaf, Realm Ore, Stone, Mythril, Demonic Ore, Steel"
anguish_1_0,July 17,"Bone, Soul, Dragonite, Vampiric Ore, Hide, Orichalcum, Undead Bone"
anguish_1_0,July 18,"Vampiric Ore, Lyonite, Pure Darkstone, Soul, Lightstone"
anguish_1_0,July 19,"Baldur, Pure Draconite, Nightstone, Avalon Ore, Eyestone, Hide, Draconite, Sandstone, Adamantine, Orichalcum"
anguish_1_0,July 20,"Greater Soul, Steel, Twilightstone, Bone, Draconite"
anguish_1_0,July 21,"Witchstone, Leather, Earthstone, Bone, Perfect Runestone, Firestone"
anguish_1_0,July 22,"Draconite, Lesser Balorite, Steel, Broken Statue, Ancient Stone, Dayleaf, Balorite, Fogstone, Leather, Scalestone"
anguish_1_0,July 23,"Perfect Baldur, Leather, Red Draconite, Sandstone, Baldur"
anguish_1_0,July 24,"Dayleaf, Solarite, Twilightstone, Platinum, Adamantine, Vampiric Ore, Cursed Ortanite, Balorite, Skystone"
anguish_1_0,July 25,"Nightshade, Broken Statue, Greater Soul, Platinum, Ortanite, Realm Ore"
anguish_1_0,July 26,"Skystone, Runestone, Earthstone, Pure Waterstone, Red Draconite, Vampiric Ore, Realm Ore, Solarite, Lightningstone, Nightshade"
anguish_1_0,July 27,"Platinum, Perfect Baldur, Pure Draconite, Darkstone, Solarite"
anguish_1_0,July 28,"Red Draconite, Darkstone, Ortanite, Dayleaf, Silk, Lightningstone"
anguish_1_0,July 29,"Bone, Red Draconite, Avalon Ore, Stone, Nightshade, Wood"
anguish_1_0,July 30,"Lightningstone, Silk, Wood, Demonic Ore, Skystone, Scalestone, Platinum, Adamantine"
anguish_1_0,July 31,"Lightningstone, Waterstone, Platinum, Lesser Balorite, Ancient Stone, Mandrake, Eyestone"
anguish_1_0,August 1,"Witchstone, Dayleaf, Silphium, Cursed Ortanite, Solarite, Waterstone"
anguish_1_0,August 2,"Silphium, Dragonite, Wood, Perfect Runestone, Lesser Balorite, Twilightstone, Scalestone, Darkstone"
anguish_1_0,August 3,"Nightshade, Leather, Bone, Scalestone, Platinum, Undead Bone, Waterstone, Witchstone"
anguish_1_0,August 4,"Silphium, Steel, Firestone, Red Draconite, Silk, Elstone, Leather, Platinum"
anguish_1_0,August 5,"Stone, Bone, Pure Darkstone, Eyestone, Hide, Pure Waterstone, Titanium, Perfect Runestone"
anguish_1_0,August 6,"Greater Soul, Darkstone, Vampiric Ore, Demonic Ore, Pure Waterstone, Perfect Baldur, Witchstone, Lightstone, Nightshade, Cavestone"
anguish_1_0,August 7,"Draconite, Pure Darkstone, Soul, Mandrake, Silk, Realm Ore"
anguish_1_0,August 8,"Wood, Lightstone, Lesser Balorite, Sandstone"
anguish_1_0,August 9,"Undead Bone, Perfect Baldur, Nightshade, Balorite, Dragonite"
anguish_1_0,August 10,"Sandstone, Solarite, Undead Bone, Witchstone, Nightstone, Waterstone, Soul, Dragonite, Scalestone"
anguish_1_0,August 11,"Pure Waterstone, Pure Lightstone, Orichalcum, Hide, Titanium, Lightningstone, Waterstone, Leather, Red Draconite"
anguish_1_0,August 12,"Red Draconite, Nightshade, Darkstone, Elstone, Platinum, Broken Statue, Perfect Runestone"
anguish_1_0,August 13,"Darkstone, Sandstone, Steel, Silk, Balorite, Soul, Pure Draconite, Cavestone, Ancient Stone"
anguish_1_0,August 14,"Cursed Ortanite, Silk, Nightstone, Iron, Lesser Balorite, Pure Waterstone, Fogstone"
anguish_1_0,August 15,"Elstone, Realm Ore, Cavestone, Orichalcum, Mythril, Dayleaf, Pure Draconite, Dragonite"
anguish_1_0,August 16,"Broken Statue, Red Draconite, Witchstone, Eyestone, Wood, Mythril, Vampiric Ore, Lightningstone"
anguish_1_0,August 17,"Nightstone, Leather, Red Draconite, Balorite, Ancient Stone, Platinum, Skystone, Runestone, Titanium"
anguish_1_0,August 18,"Lightstone, Undead Bone, Fogstone, Mythril, Demonic Ore, Scalestone, Pure Darkstone, Elstone, Dragonite"
anguish_1_0,August 19,"Solarite, Nightshade, Platinum, Pure Darkstone, Baldur, Nightstone"
anguish_1_0,August 20,"Darkstone, Draconite, Baldur, Skystone, Witchstone, Platinum, Silver, Steel"
anguish_1_0,August 21,"Solarite, Mythril, Darkstone, Lightningstone, Pure Waterstone"
anguish_1_0,August 22,"Red Draconite, Silk, Solarite, Twilightstone, Baldur, Waterstone, Fogstone"
anguish_1_0,August 23,"Balorite, Silver, Platinum, Waterstone, Greater Soul, Firestone, Darkstone, Orichalcum, Nightshade"
anguish_1_0,August 24,"Twilightstone, Elstone, Pure Draconite, Vampiric Ore, Darkstone, Mythril, Ancient Stone, Greater Soul, Wood, Mandrake"
anguish_1_0,August 25,"Runestone, Leather, Silk, Wood, Draconite"
anguish_1_0,August 26,"Nightshade, Steel, Scalestone, Skystone, Soul"
anguish_1_0,August 27,"Pure Waterstone, Solarite, Sandstone, Demonic Ore, Leather, Balorite"
anguish_1_0,August 28,"Lyonite, Dayleaf, Wolf's Blood, Pure Darkstone, Broken Statue, Hide, Realm Ore, Sandstone"
anguish_1_0,August 29,"Mandrake, Steel, Dayleaf, Nightshade, Adamantine, Draconite"
anguish_1_0,August 30,"Pure Draconite, Orichalcum, Mandrake, Runestone, Undead Bone, Vampiric Ore, Baldur, Hardened Steel, Lightningstone, Pure Darkstone"
anguish_1_0,August 31,"Wolf's Blood, Dragonite, Twilightstone, Earthstone, Platinum, Mythril"
anguish_1_0,September 1,"Cursed Ortanite, Earthstone, Dayleaf, Orichalcum, Eyestone, Scalestone, Skystone, Perfect Runestone, Soul"
anguish_1_0,September 2,"Scalestone, Waterstone, Red Draconite, Mandrake, Ancient Stone"
anguish_1_0,September 3,"Baldur, Cavestone, Perfect Runestone, Waterstone, Hardened Steel, Avalon Ore, Pure Lightstone, Fogstone"
anguish_1_0,September 4,"Adamantine, Cursed Ortanite, Solarite, Ortanite, Ancient Stone, Firestone, Cavestone, Realm Ore, Demonic Ore"
anguish_1_0,September 5,"Lightstone, Hide, Iron, Avalon Ore, Witchstone, Mandrake, Realm Ore, Scalestone, Demonic Ore, Perfect Baldur"
anguish_1_0,September 6,"Bone, Firestone, Soul, Hide, Platinum, Baldur, Cursed Ortanite"
anguish_1_0,September 7,"Stone, Broken Statue, Lightstone, Lesser Balorite, Cavestone, Perfect Baldur, Ortanite"
anguish_1_0,September 8,"Broken Statue, Realm Ore, Steel, Runestone, Draconite, Pure Lightstone, Silphium"
anguish_1_0,September 9,"Dragonite, Dayleaf, Adamantine, Silk, Sandstone, Wolf's Blood, Wood"
anguish_1_0,September 10,"Nightstone, Adamantine, Pure Waterstone, Orichalcum, Pure Darkstone, Undead Bone, Cavestone, Ancient Stone, Wood, Runestone"
anguish_1_0,September 11,"Waterstone, Steel, Darkstone, Firestone, Hardened Steel"
anguish_1_0,September 12,"Perfect Runestone, Lightningstone, Sandstone, Undead Bone, Fogstone, Pure Darkstone, Pure Draconite, Ortanite, Realm Ore"
anguish_1_0,September 13,"Ortanite, Platinum, Nightstone, Stone, Hide, Eyestone"
anguish_1_0,September 14,"Dragonite, Waterstone, Steel, Draconite, Elstone, Hide, Cursed Ortanite, Wolf's Blood, Leather, Red Draconite"
anguish_1_0,September 15,"Fogstone, Hide, Cursed Ortanite, Lightstone, Silphium, Balorite, Sandstone, Vampiric Ore"
anguish_1_0,September 16,"Demonic Ore, Solarite, Titanium, Silver, Dayleaf, Twilightstone, Iron, Dragonite"
anguish_1_0,September 17,"Nightstone, Mandrake, Witchstone, Ancient Stone, Sandstone"
anguish_1_0,September 18,"Leather, Platinum, Eyestone, Cavestone, Mythril, Sandstone, Realm Ore"
anguish_1_0,September 19,"Dayleaf, Pure Lightstone, Waterstone, Wood, Perfect Baldur, Baldur, Platinum, Greater Soul, Hardened Steel"
anguish_1_0,September 20,"Pure Draconite, Wood, Mythril, Greater Soul, Perfect Baldur, Hide, Demonic Ore, Cursed Ortanite, Darkstone, Stone"
anguish_1_0,September 21,"Cursed Ortanite, Vampiric Ore, Baldur, Wood, Sandstone, Earthstone"
anguish_1_0,September 22,"Solarite, Cursed Ortanite, Realm Ore, Hide, Perfect Runestone, Fogstone"
anguish_1_0,September 23,"Wood, Mandrake, Undead Bone, Lesser Balorite, Vampiric Ore, Witchstone"
anguish_1_0,September 24,"Dragonite, Nightshade, Leather, Pure Waterstone, Vampiric Ore, Silver, Wood, Nightstone, Ortanite, Orichalcum"
anguish_1_0,September 25,"Lightningstone, Waterstone, Avalon Ore, Wolf's Blood, Hardened Steel, Earthstone, Lesser Balorite, Dayleaf, Perfect Runestone"
anguish_1_0,September 26,"Pure Lightstone, Dragonite, Realm Ore, Fogstone, Mandrake, Silk, Avalon Ore, Perfect Runestone"
anguish_1_0,September 27,"Demonic Ore, Lightningstone, Dayleaf, Titanium, Elstone, Orichalcum, Lightstone, Hardened Steel, Silphium, Steel"
anguish_1_0,September 28,"Lesser Balorite, Greater Soul, Soul, Vampiric Ore, Elstone, Perfect Runestone, Silver"
anguish_1_0,September 29,"Firestone, Undead Bone, Iron, Wolf's Blood, Solarite, Titanium, Hardened Steel"
anguish_1_0,September 30,"Silver, Firestone, Leather, Steel, Dragonite"
anguish_1_0,October 1,"Witchstone, Lesser Balorite, Draconite, Orichalcum, Solarite, Bone, Mythril"
anguish_1_0,October 2,"Wood, Balorite, Pure Draconite, Broken Statue, Fogstone"
anguish_1_0,October 3,"Stone, Dragonite, Ancient Stone, Pure Waterstone, Hardened Steel, Balorite, Silver, Lyonite, Realm Ore"
anguish_1_0,October 4,"Firestone, Ortanite, Solarite, Steel, Baldur, Avalon Ore, Silphium, Cursed Ortanite"
anguish_1_0,October 5,"Lyonite, Baldur, Demonic Ore, Lesser Balorite, Orichalcum"
anguish_1_0,October 6,"Ancient Stone, Wolf's Blood, Elstone, Greater Soul, Lightningstone, Silver"
anguish_1_0,October 7,"Draconite, Darkstone, Ancient Stone, Stone, Nightshade, Pure Lightstone, Vampiric Ore, Pure Darkstone"
anguish_1_0,October 8,"Silk, Witchstone, Cursed Ortanite, Silver, Hide, Hardened Steel, Ancient Stone, Demonic Ore, Cavestone"
anguish_1_0,October 9,"Orichalcum, Hide, Pure Draconite, Nightshade, Hardened Steel, Mandrake, Nightstone, Adamantine"
anguish_1_0,October 10,"Lightningstone, Vampiric Ore, Red Draconite, Cursed Ortanite, Titanium, Baldur, Fogstone, Orichalcum, Pure Darkstone"
anguish_1_0,October 11,"Titanium, Mandrake, Solarite, Hardened Steel, Red Draconite, Undead Bone, Orichalcum, Twilightstone, Nightstone"
anguish_1_0,October 12,"Adamantine, Avalon Ore, Pure Draconite, Demonic Ore, Undead Bone, Wolf's Blood, Ancient Stone"
anguish_1_0,October 13,"Cursed Ortanite, Earthstone, Cavestone, Perfect Baldur, Lyonite, Fogstone, Vampiric Ore"
anguish_1_0,October 14,"Elstone, Hardened Steel, Red Draconite, Wolf's Blood, Eyestone, Pure Darkstone, Waterstone, Solarite, Perfect Baldur, Stone"
anguish_1_0,October 15,"Twilightstone, Broken Statue, Balorite, Silver, Sandstone, Runestone, Pure Draconite, Stone"
anguish_1_0,October 16,"Lyonite, Leather, Earthstone, Iron, Cursed Ortanite, Platinum, Elstone, Steel, Mythril"
anguish_1_0,October 17,"Firestone, Solarite, Scalestone, Dragonite, Demonic Ore, Pure Darkstone, Mythril"
anguish_1_0,October 18,"Hardened Steel, Steel, Silver, Earthstone, Lyonite, Soul, Darkstone, Scalestone, Lightstone"
anguish_1_0,October 19,"Realm Ore, Stone, Eyestone, Soul, Lyonite, Earthstone, Balorite, Red Draconite, Adamantine"
anguish_1_0,October 20,"Lyonite, Soul, Vampiric Ore, Hardened Steel, Waterstone, Demonic Ore, Pure Lightstone, Runestone, Broken Statue, Leather"
anguish_1_0,October 21,"Darkstone, Greater Soul, Platinum, Pure Draconite, Adamantine"
anguish_1_0,October 22,"Scalestone, Witchstone, Balorite, Mandrake, Pure Draconite, Ortanite, Perfect Baldur"
anguish_1_0,October 23,"Demonic Ore, Solarite, Cursed Ortanite, Hardened Steel, Bone, Pure Darkstone, Waterstone, Pure Lightstone, Vampiric Ore"
anguish_1_0,October 24,"Earthstone, Red Draconite, Darkstone, Titanium, Wood, Nightstone"
anguish_1_0,October 25,"Silver, Mythril, Wolf's Blood, Runestone, Twilightstone, Waterstone, Balorite, Baldur"
anguish_1_0,October 26,"Avalon Ore, Witchstone, Lightningstone, Cursed Ortanite, Earthstone, Pure Darkstone, Ortanite, Demonic Ore"
anguish_1_0,October 27,"Ancient Stone, Runestone, Firestone, Steel, Iron, Orichalcum"
anguish_1_0,October 28,"Lightstone, Wood, Waterstone, Witchstone, Platinum"
anguish_1_0,October 29,"Eyestone, Twilightstone, Nightshade, Earthstone, Hardened Steel"
anguish_1_0,October 30,"Earthstone, Skystone, Balorite, Iron, Pure Darkstone, Hide, Pure Waterstone, Steel, Perfect Baldur, Scalestone"
anguish_1_0,October 31,"Balorite, Silk, Eyestone, Red Draconite, Solarite, Lesser Balorite, Pure Lightstone, Greater Soul"
anguish_1_0,November 1,"Vampiric Ore, Silphium, Wood, Silk, Cavestone"
anguish_1_0,November 2,"Stone, Lesser Balorite, Twilightstone, Perfect Baldur, Nightshade, Iron, Hide, Balorite, Baldur, Bone"
anguish_1_0,November 3,"Red Draconite, Firestone, Waterstone, Avalon Ore, Soul, Undead Bone, Twilightstone, Broken Statue, Scalestone, Ortanite"
anguish_1_0,November 4,"Mandrake, Dragonite, Fogstone, Skystone, Earthstone, Silk, Hardened Steel, Wood"
anguish_1_0,November 5,"Broken Statue, Lyonite, Cursed Ortanite, Darkstone, Titanium, Hardened Steel, Sandstone"
anguish_1_0,November 6,"Firestone, Pure Waterstone, Elstone, Mythril, Pure Darkstone, Adamantine, Undead Bone"
anguish_1_0,November 7,"Stone, Realm Ore, Hide, Pure Draconite, Red Draconite, Eyestone"
anguish_1_0,November 8,"Pure Draconite, Soul, Wood, Titanium, Perfect Runestone, Mythril, Ancient Stone, Fogstone, Silk"
anguish_1_0,November 9,"Baldur, Pure Draconite, Adamantine, Ancient Stone, Lyonite, Hide, Dragonite"
anguish_1_0,November 10,"Silver, Pure Draconite, Vampiric Ore, Silk, Ancient Stone, Lightningstone, Waterstone"
anguish_1_0,November 11,"Hardened Steel, Silver, Ortanite, Perfect Baldur, Demonic Ore, Lyonite, Iron, Mythril, Draconite"
anguish_1_0,November 12,"Elstone, Cursed Ortanite, Perfect Runestone, Fogstone, Soul, Baldur, Earthstone"
anguish_1_0,November 13,"Waterstone, Fogstone, Demonic Ore, Platinum, Balorite, Leather, Greater Soul, Baldur, Pure Lightstone, Cavestone"
anguish_1_0,November 14,"Lightstone, Draconite, Avalon Ore, Mythril, Elstone, Twilightstone, Bone, Scalestone"
anguish_1_0,November 15,"Perfect Baldur, Perfect Runestone, Avalon Ore, Witchstone, Steel, Eyestone, Silphium, Mandrake"
anguish_1_0,November 16,"Realm Ore, Hardened Steel, Hide, Earthstone, Mandrake"
anguish_1_0,November 17,"Avalon Ore, Eyestone, Nightshade, Bone, Solarite, Runestone, Lesser Balorite, Greater Soul, Mandrake"
anguish_1_0,November 18,"Greater Soul, Lightningstone, Demonic Ore, Realm Ore, Solarite, Bone, Waterstone, Cursed Ortanite, Steel, Nightshade"
anguish_1_0,November 19,"Mythril, Red Draconite, Iron, Wood, Avalon Ore, Dayleaf, Cursed Ortanite"
anguish_1_0,November 20,"Leather, Nightstone, Mythril, Greater Soul, Runestone, Undead Bone"
anguish_1_0,November 21,"Draconite, Undead Bone, Silver, Dragonite, Stone, Silk, Ortanite, Solarite, Orichalcum"
anguish_1_0,November 22,"Dragonite, Skystone, Pure Draconite, Runestone, Firestone, Solarite, Broken Statue, Realm Ore"
anguish_1_0,November 23,"Stone, Elstone, Pure Lightstone, Silphium, Greater Soul, Mythril, Solarite"
anguish_1_0,November 24,"Lightstone, Undead Bone, Eyestone, Fogstone, Nightshade"
anguish_1_0,November 25,"Lightstone, Earthstone, Elstone, Mythril, Ancient Stone"
anguish_1_0,November 26,"Adamantine, Demonic Ore, Silphium, Greater Soul, Lyonite, Dragonite, Avalon Ore, Pure Draconite, Hide, Elstone"
anguish_1_0,November 27,"Orichalcum, Firestone, Elstone, Dragonite, Demonic Ore, Undead Bone, Steel, Mythril"
anguish_1_0,November 28,"Red Draconite, Orichalcum, Adamantine, Lyonite, Hardened Steel, Solarite, Eyestone, Cavestone"
anguish_1_0,November 29,"Balorite, Sandstone, Wolf's Blood, Titanium, Demonic Ore, Eyestone, Ancient Stone, Runestone"
anguish_1_0,November 30,"Silver, Twilightstone, Lightstone, Steel, Wolf's Blood, Stone, Nightshade, Balorite, Pure Darkstone"
anguish_1_0,December 1,"Lightstone, Bone, Skystone, Perfect Runestone, Demonic Ore, Twilightstone, Soul, Draconite, Leather, Earthstone"
anguish_1_0,December 2,"Lightningstone, Wolf's Blood, Firestone, Greater Soul, Ortanite"
anguish_1_0,December 3,"Darkstone, Cavestone, Hardened Steel, Waterstone, Witchstone, Vampiric Ore, Baldur, Red Draconite, Dayleaf"
anguish_1_0,December 4,"Runestone, Vampiric Ore, Hide, Platinum, Red Draconite, Skystone"
anguish_1_0,December 5,"Avalon Ore, Solarite, Dragonite, Scalestone, Elstone, Sandstone"
anguish_1_0,December 6,"Wood, Pure Waterstone, Elstone, Adamantine, Skystone, Darkstone, Bone, Mandrake"
anguish_1_0,December 7,"Sandstone, Stone, Leather, Cavestone, Fogstone, Waterstone, Demonic Ore, Nightstone"
anguish_1_0,December 8,"Baldur, Perfect Runestone, Vampiric Ore, Dragonite, Cavestone, Steel, Draconite, Orichalcum"
anguish_1_0,December 9,"Leather, Ancient Stone, Wolf's Blood, Demonic Ore, Mythril, Pure Darkstone, Orichalcum, Platinum"
anguish_1_0,December 10,"Lightningstone, Ortanite, Cursed Ortanite, Demonic Ore, Wood, Witchstone"
anguish_1_0,December 11,"Witchstone, Lightningstone, Leather, Waterstone, Realm Ore"
anguish_1_0,December 12,"Skystone, Mythril, Lesser Balorite, Lightningstone, Darkstone, Broken Statue"
anguish_1_0,December 13,"Nightstone, Ancient Stone, Elstone, Earthstone, Greater Soul, Pure Lightstone"
anguish_1_0,December 14,"Nightstone, Steel, Ancient Stone, Runestone, Ortanite"
anguish_1_0,December 15,"Lesser Balorite, Avalon Ore, Earthstone, Orichalcum, Bone, Pure Draconite, Witchstone, Ortanite, Elstone, Silphium"
anguish_1_0,December 16,"Titanium, Witchstone, Leather, Platinum, Lightningstone, Hardened Steel"
anguish_1_0,December 17,"Undead Bone, Demonic Ore, Earthstone, Orichalcum, Mythril, Scalestone"
anguish_1_0,December 18,"Earthstone, Wood, Bone, Ancient Stone, Pure Lightstone, Wolf's Blood, Stone, Darkstone"
anguish_1_0,December 19,"Solarite, Runestone, Leather, Broken Statue, Titanium"
anguish_1_0,December 20,"Realm Ore, Lyonite, Hide, Witchstone, Vampiric Ore"
anguish_1_0,December 21,"Scalestone, Sandstone, Hide, Baldur, Nightstone, Vampiric Ore, Firestone, Draconite, Greater Soul, Lyonite"
anguish_1_0,December 22,"Red Draconite, Eyestone, Ancient Stone, Baldur, Titanium"
anguish_1_0,December 23,"Silk, Pure Waterstone, Perfect Baldur, Scalestone, Adamantine, Earthstone, Silphium"
anguish_1_0,December 24,"Dayleaf, Vampiric Ore, Ancient Stone, Avalon Ore, Hide, Mythril, Demonic Ore, Waterstone, Twilightstone"
anguish_1_0,December 25,"Iron, Silver, Lyonite, Earthstone, Waterstone, Wolf's Blood, Nightshade, Stone, Lightningstone"
anguish_1_0,December 26,"Mythril, Ortanite, Leather, Vampiric Ore, Pure Waterstone, Scalestone, Lightningstone"
anguish_1_0,December 27,"Ancient Stone, Perfect Runestone, Hardened Steel, Silphium, Soul, Lightningstone, Twilightstone, Demonic Ore, Balorite"
anguish_1_0,December 28,"Steel, Scalestone, Stone, Pure Waterstone, Solarite"
anguish_1_0,December 29,"Leather, Dragonite, Iron, Darkstone, Ancient Stone, Vampiric Ore, Perfect Runestone, Silk, Titanium"
anguish_1_0,December 30,"Ancient Stone, Solarite, Soul, Hardened Steel, Platinum, Eyestone, Lesser Balorite, Darkstone, Dragonite"
anguish_1_0,December 31,"Pure Draconite, Cavestone, Adamantine, Waterstone, Pure Darkstone"